CONTROL_PROMPT_ID;user_prompt;LLM;intended_steps;steps;summary_flag;completion;correct_functions;correct_params;correct_interpretation;external_error;api_output_correct;comments;database;domain;error;messages;function_fruit_and_veg_offers;used_fruit_and_veg_offers;parameter_date_fruit_and_veg_offers;used_date_fruit_and_veg_offers;function_wine_selection_or_offers;used_wine_selection_or_offers;parameter_date_wine_selection_or_offers;used_date_wine_selection_or_offers;parameter_wine_type;used_wine_type;function_fridge_items;used_fridge_items;parameter_date_fridge_items;used_date_fridge_items;function_date;used_date;function_get_recipe_info;used_get_recipe_info;parameter_recipe_id;used_recipe_id;parameter_instructions;used_instructions;parameter_time;used_time;parameter_ingredients;used_ingredients;parameter_measurements;used_measurements;function_find_recipe;used_find_recipe;parameter_query;used_query;parameter_diet;used_diet;parameter_include_ingredients;used_include_ingredients;parameter_exclude_ingredients;used_exclude_ingredients;parameter_type;used_type;parameter_cuisine;used_cuisine;parameter_exclude_cuisine;used_exclude_cuisine;parameter_max_ready_time;used_max_ready_time;function_dish_pairing_for_wine;used_dish_pairing_for_wine;parameter_grape_name;used_grape_name;function_wine_pairing;used_wine_pairing;parameter_dish_name;used_dish_name;function_image_classification;used_image_classification;parameter_image_url;used_image_url;function_compute_shopping_list;used_compute_shopping_list;parameter_items_list;used_items_list
0;I would like to make a salad. I prefer Greek cuisine. I am intolerant to peanut, soy and gluten . ;gpt-3.5-turbo;1;;;;;;;;;;;;;;;;;;;;;;;;;;;;;;1.0;;1.0;;;;;;1.0;;;;1.0;;1.0;;1.0;;;;1.0;;;;1.0;;;;;;;;;;;;;;;;;;;;;
0;I would like to make a salad. I prefer Greek cuisine. I am intolerant to peanut, soy and gluten . ;gpt-4-turbo;1;;;;;;;;;;;;;;;;;;;;;;;;;;;;;;1.0;;1.0;;;;;;1.0;;;;1.0;;1.0;;1.0;;;;1.0;;;;1.0;;;;;;;;;;;;;;;;;;;;;
5;Which wine pairs well with a cheese burger?;gpt-3.5-turbo;1;;;;;;;;;;;;;;;;;;;;;;;;;;;;;;;;;;;;;;;;;;;;;;;;;;;;;;;;;;;;;;;;1.0;;1.0;;;;;;;;;
5;Which wine pairs well with a cheese burger?;gpt-4-turbo;1;;;;;;;;;;;;;;;;;;;;;;;;;;;;;;;;;;;;;;;;;;;;;;;;;;;;;;;;;;;;;;;;1.0;;1.0;;;;;;;;;
6;I have a bottle of Shiraz at home. Please suggest a meal that goes well with this wine.;gpt-3.5-turbo;1;;;;;;;;;;;;;;;;;;;;;;;;;;;;;;;;;;;;;;;;;;;;;;;;;;;;;;;;;;;;1.0;;1.0;;;;;;;;;;;;;
6;I have a bottle of Shiraz at home. Please suggest a meal that goes well with this wine.;gpt-4-turbo;1;;;;;;;;;;;;;;;;;;;;;;;;;;;;;;;;;;;;;;;;;;;;;;;;;;;;;;;;;;;;1.0;;1.0;;;;;;;;;;;;;
8;Based on the image at https://2.bp.blogspot.com/-TtabQoqmHn8/VExgR9YejVI/AAAAAAAAAMk/Ikic-vGdB30/s1600/20141025_221431.jpg, please identify the dish and find a recipe.;gpt-3.5-turbo;2;;; ;;;;;;;;;;;;;;;;;;;;;;;;;;;;;;;;;;;;;;;1.0;;1.0;;;;;;;;;;;;;;;;;;;;;;;;1.0;;1.0;;;;;
8;Based on the image at https://2.bp.blogspot.com/-TtabQoqmHn8/VExgR9YejVI/AAAAAAAAAMk/Ikic-vGdB30/s1600/20141025_221431.jpg, please identify the dish and find a recipe.;gpt-4-turbo;2;;;;;;;;;;;;;;;;;;;;;;;;;;;;;;;;;;;;;;;;;;1.0;;1.0;;;;;;;;;;;;;;;;;;;;;;;;1.0;;1.0;;;;;
9;Using the image athttps://www.tasteforcooking.com/wp-content/uploads/2016/01/ThinkstockPhotos-84465093.jpg, please identify the dish and find a recipe.;gpt-3.5-turbo;2;;;;;;;;;;;;;;;;;;;;;;;;;;;;;;;;;;;;;;;;;;1.0;;1.0;;;;;;;;;;;;;;;;;;;;;;;;1.0;;1.0;;;;;
9;Using the image athttps://www.tasteforcooking.com/wp-content/uploads/2016/01/ThinkstockPhotos-84465093.jpg, please identify the dish and find a recipe.;gpt-4-turbo;2;;;;;;;;;;;;;;;;;;;;;;;;;;;;;;;;;;;;;;;;;;1.0;;1.0;;;;;;;;;;;;;;;;;;;;;;;;1.0;;1.0;;;;;
12;I want to spend a maximum of 2 hours cooking. I would like to make a pasta. I have a pescetarian diet. I prefer Thai, German, and Spanish cuisines. I am intolerant to gluten . Please find a recipe and get the ingredients.;gpt-3.5-turbo;2;;;;;;;;;;;;;;;;;;;;;;;;;;;;;;1.0;;1.0;;;;;;1.0;;;;1.0;;1.0;;1.0;;;;1.0;;;;1.0;;;;1.0;;;;;;;;;;;;;;;;;
12;I want to spend a maximum of 2 hours cooking. I would like to make a pasta. I have a pescetarian diet. I prefer Thai, German, and Spanish cuisines. I am intolerant to gluten . Please find a recipe and get the ingredients.;gpt-4-turbo;2;;;;;;;;;;;;;;;;;;;;;;;;;;;;;;1.0;;1.0;;;;;;1.0;;;;1.0;;1.0;;1.0;;;;1.0;;;;1.0;;;;1.0;;;;;;;;;;;;;;;;;
13;Please find recipe ID for a risotto and a wine that pairs well with that meal.;gpt-3.5-turbo;2;;;;;;;;;;;;;;;;;;;;;;;;;;;;;;;;;;;;;;;;;;1.0;;1.0;;;;;;;;;;;;;;;;;;;;1.0;;1.0;;;;;;;;;
13;Please find recipe ID for a risotto and a wine that pairs well with that meal.;gpt-4-turbo;2;;;;;;;;;;;;;;;;;;;;;;;;;;;;;;;;;;;;;;;;;;1.0;;1.0;;;;;;;;;;;;;;;;;;;;1.0;;1.0;;;;;;;;;
14;I want to spend a maximum of 20 minutes cooking. I would like to make a soup. I have a vegetarian diet. Please find me a recipe and the detailed cooking instructions.;gpt-3.5-turbo;2;;;;;;;;;;;;;;;;;;;;;;;;;;;;;;1.0;;1.0;;1.0;;;;;;;;1.0;;1.0;;1.0;;;;;;1.0;;;;;;1.0;;;;;;;;;;;;;;;;;
14;I want to spend a maximum of 20 minutes cooking. I would like to make a soup. I have a vegetarian diet. Please find me a recipe and the detailed cooking instructions.;gpt-4-turbo;2;;;;;;;;;;;;;;;;;;;;;;;;;;;;;;1.0;;1.0;;1.0;;;;;;;;1.0;;1.0;;1.0;;;;;;1.0;;;;;;1.0;;;;;;;;;;;;;;;;;
16;Which vegetables are on sale this week?;gpt-3.5-turbo;2;;;;;;;;;;;;;;1.0;;1.0;;;;;;;;;;;;1.0;;;;;;;;;;;;;;;;;;;;;;;;;;;;;;;;;;;;;;;;;;;;;;;
16;Which vegetables are on sale this week?;gpt-4-turbo;2;;;;;;;;;;;;;;1.0;;1.0;;;;;;;;;;;;1.0;;;;;;;;;;;;;;;;;;;;;;;;;;;;;;;;;;;;;;;;;;;;;;;
17;What veggies do I have in my fridge at the moment?;gpt-3.5-turbo;2;;;;;;;;;;;;;;;;;;;;;;;;1.0;;1.0;;1.0;;;;;;;;;;;;;;;;;;;;;;;;;;;;;;;;;;;;;;;;;;;;;;;
17;What veggies do I have in my fridge at the moment?;gpt-4-turbo;2;;;;;;;;;;;;;;;;;;;;;;;;1.0;;1.0;;1.0;;;;;;;;;;;;;;;;;;;;;;;;;;;;;;;;;;;;;;;;;;;;;;;
18;Which is the cheapest bottle of wine on offer this week?;gpt-3.5-turbo;2;;;;;;;;;;;;;;;;;;1.0;;1.0;;;;;;;;1.0;;;;;;;;;;;;;;;;;;;;;;;;;;;;;;;;;;;;;;;;;;;;;;;
18;Which is the cheapest bottle of wine on offer this week?;gpt-4-turbo;2;;;;;;;;;;;;;;;;;;1.0;;1.0;;;;;;;;1.0;;;;;;;;;;;;;;;;;;;;;;;;;;;;;;;;;;;;;;;;;;;;;;;
8;Based on the image at https://cjoloughlin.ie/wp-content/uploads/2015/09/shutterstock_142426168.jpg, please identify the dish and find a recipe.;gpt-3.5-turbo;2;;; ;;;;;;;;;;;;;;;;;;;;;;;;;;;;;;;;;;;;;;;1.0;;1.0;;;;;;;;;;;;;;;;;;;;;;;;1.0;;1.0;;;;;
8;Based on the image at https://cjoloughlin.ie/wp-content/uploads/2015/09/shutterstock_142426168.jpg, please identify the dish and find a recipe.;gpt-4-turbo;2;;; ;;;;;;;;;;;;;;;;;;;;;;;;;;;;;;;;;;;;;;;1.0;;1.0;;;;;;;;;;;;;;;;;;;;;;;;1.0;;1.0;;;;;
45;Please find out which ingredients I need for Spaghetti Carbonara.;gpt-3.5-turbo;2;;;;;;;;;;;;;;;;;;;;;;;;;;;;;;1.0;;1.0;;;;;;1.0;;;;1.0;;1.0;;;;;;;;;;;;;;;;;;;;;;;;;;;;;;;
45;Please find out which ingredients I need for Spaghetti Carbonara.;gpt-4-turbo;2;;;;;;;;;;;;;;;;;;;;;;;;;;;;;;1.0;;1.0;;;;;;1.0;;;;1.0;;1.0;;;;;;;;;;;;;;;;;;;;;;;;;;;;;;;
19;Based on the image at https://2.bp.blogspot.com/-TtabQoqmHn8/VExgR9YejVI/AAAAAAAAAMk/Ikic-vGdB30/s1600/20141025_221431.jpg, please identify the dish and suggest a recipe. Please add all ingredients to my shopping list.;gpt-3.5-turbo;3;;;;;;;;;;;;;;;;;;;;;;;;;;;;;;1.0;;1.0;;;;;;1.0;;;;1.0;;1.0;;;;;;;;;;;;;;;;;;;;;;;;1.0;;1.0;;1.0;;1.0;
19;Based on the image at https://2.bp.blogspot.com/-TtabQoqmHn8/VExgR9YejVI/AAAAAAAAAMk/Ikic-vGdB30/s1600/20141025_221431.jpg, please identify the dish and suggest a recipe. Please add all ingredients to my shopping list.;gpt-4-turbo;3;;;;;;;;;;;;;;;;;;;;;;;;;;;;;;1.0;;1.0;;;;;;1.0;;;;1.0;;1.0;;;;;;;;;;;;;;;;;;;;;;;;1.0;;1.0;;1.0;;1.0;
20;Given https://cjoloughlin.ie/wp-content/uploads/2015/09/shutterstock_142426168.jpg, please provide me with a recipe for the dish in the image and suggest a wine that pairs well with this meal.;gpt-3.5-turbo;3;;;;;;;;;;;;;;;;;;;;;;;;;;;;;;1.0;;1.0;;1.0;;1.0;;1.0;;;;1.0;;1.0;;;;;;;;;;;;;;;;;;;;1.0;;1.0;;1.0;;1.0;;;;;
20;Given https://cjoloughlin.ie/wp-content/uploads/2015/09/shutterstock_142426168.jpg, please provide me with a recipe for the dish in the image and suggest a wine that pairs well with this meal.;gpt-4-turbo;3;;;;;;;;;;;;;;;;;;;;;;;;;;;;;;1.0;;1.0;;1.0;;1.0;;1.0;;;;1.0;;1.0;;;;;;;;;;;;;;;;;;;;1.0;;1.0;;1.0;;1.0;;;;;
21;I want to spend a maximum of 20 minutes cooking. I would like to make a soup. I have a vegetarian diet and I'm allergic to peanuts. Please find me a recipe and add all ingredients to my shopping list.;gpt-3.5-turbo;3;;;;;;;;;;;;;;;;;;;;;;;;;;;;;;1.0;;1.0;;;;;;1.0;;;;1.0;;1.0;;1.0;;;;1.0;;1.0;;;;;;1.0;;;;;;;;;;;;;;1.0;;1.0;
21;I want to spend a maximum of 20 minutes cooking. I would like to make a soup. I have a vegetarian diet and I'm allergic to peanuts. Please find me a recipe and add all ingredients to my shopping list.;gpt-4-turbo;3;;;;;;;;;;;;;;;;;;;;;;;;;;;;;;1.0;;1.0;;;;;;1.0;;;;1.0;;1.0;;1.0;;;;1.0;;1.0;;;;;;1.0;;;;;;;;;;;;;;1.0;;1.0;
22;Please give me a list of ingredients for a recipe and add them to my shopping list. Cooking should take me no longer than 120 min. I prefer Greek, Mediterranean, and Indian cuisines. I dislike German, and Eastern European cuisines. I would like to make a lentil based dish. I have a vegan diet.;gpt-3.5-turbo;3;;;;;;;;;;;;;;;;;;;;;;;;;;;;;;1.0;;1.0;;;;;;1.0;;;;1.0;;1.0;;1.0;;;;;;;;1.0;;1.0;;1.0;;;;;;;;;;;;;;1.0;;1.0;
22;Please give me a list of ingredients for a recipe and add them to my shopping list. Cooking should take me no longer than 120 min. I prefer Greek, Mediterranean, and Indian cuisines. I dislike German, and Eastern European cuisines. I would like to make a lentil based dish. I have a vegan diet.;gpt-4-turbo;3;;;;;;;;;;;;;;;;;;;;;;;;;;;;;;1.0;;1.0;;;;;;1.0;;;;1.0;;1.0;;1.0;;;;;;;;1.0;;1.0;;1.0;;;;;;;;;;;;;;1.0;;1.0;
23;Using the following URL https://cjoloughlin.ie/wp-content/uploads/2015/09/shutterstock_142426168.jpg, please find the name of the dish in the image, suggest a recipe and get the cooking instructions.;gpt-3.5-turbo;3;;;;;;;;;;;;;;;;;;;;;;;;;;;;;;1.0;;1.0;;1.0;;;;1.0;;;;1.0;;1.0;;;;;;;;;;;;;;;;;;;;;;;;1.0;;1.0;;;;;
23;Using the following URL https://cjoloughlin.ie/wp-content/uploads/2015/09/shutterstock_142426168.jpg, please find the name of the dish in the image, suggest a recipe and get the cooking instructions.;gpt-4-turbo;3;;;;;;;;;;;;;;;;;;;;;;;;;;;;;;1.0;;1.0;;1.0;;;;1.0;;;;1.0;;1.0;;;;;;;;;;;;;;;;;;;;;;;;1.0;;1.0;;;;;
24;Using the veggies in my fridge, please find me a pasta dish.;gpt-3.5-turbo;3;;;;;;;;;;;;;;;;;;;;;;;;1.0;;1.0;;1.0;;;;;;;;;;;;;;1.0;;1.0;;;;1.0;;;;;;;;;;;;;;;;;;;;;;;;;;;
24;Using the veggies in my fridge, please find me a pasta dish.;gpt-4-turbo;3;;;;;;;;;;;;;;;;;;;;;;;;1.0;;1.0;;1.0;;;;;;;;;;;;;;1.0;;1.0;;;;;;;;;;;;;;;;;;;;;;;;;;;;;;;
25;Which red wine is on offer today? Could you recommend a meal that goes well with it?;gpt-3.5-turbo;3;;;;;;;;;;;;;;;;;;1.0;;1.0;;1.0;;;;;;1.0;;;;;;;;;;;;;;;;;;;;;;;;;;;;;;;;1.0;;1.0;;;;;;;;;;;;;
25;Which red wine is on offer today? Could you recommend a meal that goes well with it?;gpt-4-turbo;3;;;;;;;;;;;;;;;;;;1.0;;1.0;;1.0;;;;;;1.0;;;;;;;;;;;;;;;;;;;;;;;;;;;;;;;;1.0;;1.0;;;;;;;;;;;;;
26;Which white wine is on offer today? Please pair a main course with this wine.;gpt-3.5-turbo;3;;;;;;;;;;;;;;;;;;1.0;;1.0;;1.0;;;;;;1.0;;;;;;;;;;;;;;;;;;;;;;;;;;;;;;;;1.0;;1.0;;;;;;;;;;;;;
26;Which white wine is on offer today? Please pair a main course with this wine.;gpt-4-turbo;3;;;;;;;;;;;;;;;;;;1.0;;1.0;;1.0;;;;;;1.0;;;;;;;;;;;;;;;;;;;;;;;;;;;;;;;;1.0;;1.0;;;;;;;;;;;;;
27;Please find vegetables on offer this week and suggest a dish using these veggies.;gpt-3.5-turbo;3;;;;;;;;;;;;;;1.0;;1.0;;;;;;;;;;;;1.0;;;;;;;;;;;;;;1.0;;1.0;;;;1.0;;;;;;;;;;;;;;;;;;;;;;;;;;;
27;Please find vegetables on offer this week and suggest a dish using these veggies.;gpt-4-turbo;3;;;;;;;;;;;;;;1.0;;1.0;;;;;;;;;;;;1.0;;;;;;;;;;;;;;1.0;;1.0;;;;1.0;;;;;;;;;;;;;;;;;;;;;;;;;;;
28;Using the veggies in my fridge, please find me quick dish.;gpt-3.5-turbo;3;;;;;;;;;;;;;;;;;;;;;;;;1.0;;1.0;;1.0;;;;;;;;;;;;;;1.0;;1.0;;;;1.0;;;;;;;;;;1.0;;;;;;;;;;;;;;;;;
28;Using the veggies in my fridge, please find me quick dish.;gpt-4-turbo;3;;;;;;;;;;;;;;;;;;;;;;;;1.0;;1.0;;1.0;;;;;;;;;;;;;;1.0;;1.0;;;;1.0;;;;;;;;;;1.0;;;;;;;;;;;;;;;;;
30;Please give me a list of ingredients for a recipe and check if they are on offer this week. Cooking should take me no longer than 120 min. I prefer Greek, Mediterranean, and Indian cuisines. I dislike German, and Eastern European cuisines. I am intolerant to shellfish, gluten, sulfite, tree nut, peanut, and egg.;gpt-3.5-turbo;4;;;;;;;;;;;;;;1.0;;1.0;;;;;;;;;;;;;;1.0;;1.0;;;;;;1.0;;;;1.0;;1.0;;;;;;1.0;;1.0;;1.0;;1.0;;1.0;;;;;;;;;;;;;;;;;
30;Please give me a list of ingredients for a recipe and check if they are on offer this week. Cooking should take me no longer than 120 min. I prefer Greek, Mediterranean, and Indian cuisines. I dislike German, and Eastern European cuisines. I am intolerant to shellfish, gluten, sulfite, tree nut, peanut, and egg.;gpt-4-turbo;4;;;;;;;;;;;;;;1.0;;1.0;;;;;;;;;;;;;;1.0;;1.0;;;;;;1.0;;;;1.0;;1.0;;;;;;1.0;;1.0;;1.0;;1.0;;1.0;;;;;;;;;;;;;;;;;
31;I want to spend a maximum of 1 hour cooking. I would like to make a main dish. I have a paleo diet and I prefer Southern cuisine. I am intolerant to seafood. Are any of the ingredients currently on offer in my supermarket?;gpt-3.5-turbo;4;;;;;;;;;;;;;;1.0;;1.0;;;;;;;;;;;;1.0;;1.0;;1.0;;;;;;1.0;;;;1.0;;1.0;;1.0;;;;1.0;;1.0;;1.0;;;;1.0;;;;;;;;;;;;;;;;;
31;I want to spend a maximum of 1 hour cooking. I would like to make a main dish. I have a paleo diet and I prefer Southern cuisine. I am intolerant to seafood. Are any of the ingredients currently on offer in my supermarket?;gpt-4-turbo;4;;;;;;;;;;;;;;1.0;;1.0;;;;;;;;;;;;1.0;;1.0;;1.0;;;;;;1.0;;;;1.0;;1.0;;1.0;;;;1.0;;1.0;;1.0;;;;1.0;;;;;;;;;;;;;;;;;
32;I want a 20-min recipe for pasta. Please find me a recipe and check, if I have any ingredients already at home.;gpt-3.5-turbo;4;;;;;;;;;;;;;;;;;;;;;;;;1.0;;1.0;;1.0;;1.0;;1.0;;1.0;;;;1.0;;;;1.0;;1.0;;;;;;;;;;;;;;1.0;;;;;;;;;;;;;;;;;
32;I want a 20-min recipe for pasta. Please find me a recipe and check, if I have any ingredients already at home.;gpt-4-turbo;4;;;;;;;;;;;;;;;;;;;;;;;;1.0;;1.0;;1.0;;1.0;;1.0;;1.0;;;;1.0;;;;1.0;;1.0;;;;;;;;;;;;;;1.0;;;;;;;;;;;;;;;;;
33;Please give me a list of ingredients for a recipe and check if  any of them are on offer this week. Cooking should take me no longer than 120 min. I prefer Greek, Mediterranean, and Indian cuisines. I dislike German, and Eastern European cuisines. I am intolerant to shellfish, gluten and nuts.;gpt-3.5-turbo;4;;;;;;;;;;;;;;1.0;;1.0;;;;;;;;;;;;1.0;;1.0;;1.0;;;;;;1.0;;;;1.0;;1.0;;;;;;1.0;;1.0;;1.0;;1.0;;1.0;;;;;;;;;;;;;;;;;
33;Please give me a list of ingredients for a recipe and check if  any of them are on offer this week. Cooking should take me no longer than 120 min. I prefer Greek, Mediterranean, and Indian cuisines. I dislike German, and Eastern European cuisines. I am intolerant to shellfish, gluten and nuts.;gpt-4-turbo;4;;;;;;;;;;;;;;1.0;;1.0;;;;;;;;;;;;1.0;;1.0;;;;;;;;1.0;;;;1.0;;1.0;;;;;;1.0;;1.0;;1.0;;1.0;;1.0;;;;;;;;;;;;;;;;;
34;Using veggies that are currently on offer, please make a recipe suggestion and pair a wine with it. I prefer European, and Chinese cuisines. I am intolerant to peanuts.;gpt-3.5-turbo;4;;;;;;;;;;;;;;1.0;;1.0;;;;;;;;;;;;1.0;;;;;;;;;;;;;;1.0;;1.0;;;;1.0;;1.0;;;;1.0;;;;;;;;;;1.0;;1.0;;;;;;;;;
34;Using veggies that are currently on offer, please make a recipe suggestion and pair a wine with it. I prefer European, and Chinese cuisines. I am intolerant to peanuts.;gpt-4-turbo;4;;;;;;;;;;;;;;1.0;;1.0;;;;;;;;;;;;1.0;;;;;;;;;;;;;;1.0;;1.0;;;;1.0;;1.0;;;;1.0;;;;;;;;;;1.0;;1.0;;;;;;;;;
37;Using veggies that are currently on offer, please make a pasta recipe suggestion. Please add all ingredients to my shopping list. I prefer European, and Chinese cuisines but I am allergic to dairy products.;gpt-3.5-turbo;4;;;;;;;;;;;;;;1.0;;1.0;;;;;;;;;;;;1.0;;;;;;;;;;;;;;1.0;;1.0;;;;1.0;;1.0;;;;1.0;;;;;;;;;;;;;;;;;;1.0;;1.0;
37;Using veggies that are currently on offer, please make a pasta recipe suggestion. Please add all ingredients to my shopping list. I prefer European, and Chinese cuisines but I am allergic to dairy products.;gpt-4-turbo;4;;;;;;;;;;;;;;1.0;;1.0;;;;;;;;;;;;1.0;;;;;;;;;;;;;;1.0;;1.0;;;;1.0;;1.0;;;;1.0;;;;;;;;;;;;;;;;;;1.0;;1.0;
38;Which wines are on offer this week? If a red wine is on offer, please suggest a dish that pairs well with that wine.;gpt-3.5-turbo;4;;;;;;;;;;;;;;;;;;1.0;;1.0;;;;;;;;1.0;;;;;;;;;;;;;;;;;;;;;;;;;;;;;;;;1.0;;1.0;;;;;;;;;;;;;
38;Which wines are on offer this week? If a red wine is on offer, please suggest a dish that pairs well with that wine.;gpt-4-turbo;4;;;;;;;;;;;;;;;;;;1.0;;1.0;;;;;;;;1.0;;;;;;;;;;;;;;;;;;;;;;;;;;;;;;;;1.0;;1.0;;;;;;;;;;;;;
42;Using the image athttps://www.tasteforcooking.com/wp-content/uploads/2016/01/ThinkstockPhotos-84465093.jpg, please identify the dish. ;gpt-3.5-turbo;1;;;;;;;;;;;;;;;;;;;;;;;;;;;;;;;;;;;;;;;;;;;;;;;;;;;;;;;;;;;;;;;;;;;;1.0;;1.0;;;;;
42;Using the image athttps://www.tasteforcooking.com/wp-content/uploads/2016/01/ThinkstockPhotos-84465093.jpg, please identify the dish. ;gpt-4-turbo;1;;;;;;;;;;;;;;;;;;;;;;;;;;;;;;;;;;;;;;;;;;;;;;;;;;;;;;;;;;;;;;;;;;;;1.0;;1.0;;;;;
43;Using veggies that are currently on offer, please make a recipe suggestion and pair a wine with it.;gpt-3.5-turbo;4;;;;;;;;;;;;;;1.0;;1.0;;;;;;;;;;;;1.0;;;;;;;;;;;;;;1.0;;1.0;;;;;;;;1.0;;;;;;;;;;;;1.0;;1.0;;;;;;;;;
43;Using veggies that are currently on offer, please make a recipe suggestion and pair a wine with it.;gpt-4-turbo;4;;;;;;;;;;;;;;1.0;;1.0;;;;;;;;;;;;1.0;;;;;;;;;;;;;;1.0;;1.0;;;;;;;;1.0;;;;;;;;;;;;1.0;;1.0;;;;;;;;;
35;Please give me a list of ingredients for a recipe and check if any of them are on offer this week. Cooking should take me no longer than 120 min. I prefer Greek, Mediterranean, and Indian cuisines. I dislike German, and Eastern European cuisines. I am intolerant to shellfish, gluten and nuts.;gpt-3.5-turbo;4;;;;;;;;;;;;;;1.0;;1.0;;;;;;;;;;;;1.0;;1.0;;1.0;;;;;;1.0;;;;1.0;;1.0;;;;;;1.0;;;;1.0;;1.0;;1.0;;;;;;;;;;;;;;;;;
35;Please give me a list of ingredients for a recipe and check if any of them are on offer this week. Cooking should take me no longer than 120 min. I prefer Greek, Mediterranean, and Indian cuisines. I dislike German, and Eastern European cuisines. I am intolerant to shellfish, gluten and nuts.;gpt-4-turbo;4;;;;;;;;;;;;;;1.0;;1.0;;;;;;;;;;;;1.0;;1.0;;1.0;;;;;;1.0;;;;1.0;;1.0;;;;;;1.0;;;;1.0;;1.0;;1.0;;;;;;;;;;;;;;;;;
36;I want recipe instructions for a dish that uses the veggies on offer. I prefer European, and Chinese cuisines. I am intolerant to peanuts.;gpt-3.5-turbo;4;;;;;;;;;;;;;;1.0;;1.0;;;;;;;;;;;;1.0;;1.0;;;;1.0;;;;;;;;1.0;;1.0;;;;1.0;;1.0;;;;1.0;;;;;;;;;;;;;;;;;;;;;
36;I want recipe instructions for a dish that uses the veggies on offer. I prefer European, and Chinese cuisines. I am intolerant to peanuts.;gpt-4-turbo;4;;;;;;;;;;;;;;1.0;;1.0;;;;;;;;;;;;1.0;;1.0;;;;1.0;;;;;;;;1.0;;1.0;;;;1.0;;1.0;;;;1.0;;;;;;;;;;;;;;;;;;;;;
44;Which wines are on offer this week? If a red wine is on offer, please suggest a dish that pairs well with that wine and get me a list of ingredients. ;gpt-3.5-turbo;5;;;;;;;;;;;;;;;;;;1.0;;1.0;;;;;;;;1.0;;1.0;;1.0;;;;;;1.0;;;;1.0;;1.0;;;;;;;;;;;;;;;;1.0;;1.0;;;;;;;;;;;;;
44; Which wines are on offer this week? If a red wine is on offer, please suggest a dish that pairs well with that wine and get me a list of ingredients. ;gpt-4-turbo;5;;;;;;;;;;;;;;;;;;1.0;;1.0;;;;;;;;1.0;;1.0;;1.0;;;;;;1.0;;;;1.0;;1.0;;;;;;;;;;;;;;;;1.0;;1.0;;;;;;;;;;;;;
